{
  "total_requests": 2,
  "requests": [
    {
      "start_time": 1756293886.527599,
      "end_time": 1756293886.901212,
      "duration": 0.3736128807067871
    },
    {
      "start_time": 1756293888.5275378,
      "end_time": 1756293890.8111842,
      "duration": 2.28364634513855
    }
  ]
}