{
  "total_requests": 3,
  "requests": [
    {
      "start_time": 1756294368.447457,
      "end_time": 1756294372.358177,
      "duration": 3.910719871520996,
      "status_code": 200
    },
    {
      "start_time": 1756294372.358249,
      "end_time": 1756294374.33412,
      "duration": 1.9758710861206055,
      "status_code": 200
    },
    {
      "start_time": 1756294374.33417,
      "end_time": 1756294377.3147671,
      "duration": 2.9805970191955566,
      "status_code": 200
    }
  ]
}