{
  "total_requests": 1,
  "requests": [
    {
      "start_time": 1756293911.573471,
      "end_time": 1756293912.117486,
      "duration": 0.5440149307250977
    }
  ]
}