{
  "total_requests": 2,
  "requests": [
    {
      "request_number": 1,
      "start_time": 1756294091.662478,
      "end_time": 1756294094.6602612,
      "duration": 2.9977831840515137,
      "status_code": 200
    },
    {
      "request_number": 2,
      "start_time": 1756294094.660384,
      "end_time": 1756294095.274187,
      "duration": 0.6138031482696533,
      "status_code": 500
    }
  ]
}