{
  "total_requests": 3,
  "requests": [
    {
      "request_number": 1,
      "start_time": 1756294103.796146,
      "end_time": 1756294104.2738938,
      "duration": 0.47774791717529297,
      "status_code": 500
    },
    {
      "request_number": 2,
      "start_time": 1756294105.795545,
      "end_time": 1756294106.1107059,
      "duration": 0.31516075134277344,
      "status_code": 500
    },
    {
      "request_number": 3,
      "start_time": 1756294107.7973278,
      "end_time": 1756294108.238761,
      "duration": 0.4414331912994385,
      "status_code": 500
    }
  ]
}