{
  "total_requests": 1,
  "requests": [
    {
      "start_time": 1756297467.45101,
      "end_time": 1756297470.383154,
      "duration": 2.9321439266204834,
      "status_code": 200
    }
  ]
}