{
  "total_requests": 2,
  "requests": [
    {
      "start_time": 1756293822.3326159,
      "end_time": 1756293824.796063,
      "duration": 2.463447093963623
    },
    {
      "start_time": 1756293824.7961211,
      "end_time": 1756293825.094023,
      "duration": 0.29790186882019043
    }
  ]
}